Timestamp,Open,High,Low,Close,Volume
2020-03-16,5324.4,5965.77,4435.89,4953.49,39368.13512838
2020-03-17,4946.09,5507.16,4830.0,5399.09,17490.96949551
2020-03-18,5404.2,5569.9,5006.87,5349.18,23222.19512744
2020-03-19,5349.18,6400.0,5266.38,6242.54,24100.5002322
2020-03-20,6234.07,7139.0,6059.51,6190.0,26728.58171319
2020-03-21,6188.64,6380.19,5670.0,6227.85,16309.64399579
2020-03-22,6231.96,6461.91,5866.44,5927.76,8589.49651879
2020-03-23,5925.69,6629.79,5686.34,6292.8,19543.94754857
2020-03-24,6292.84,6893.0,6277.72,6725.05,20657.67179388
2020-03-25,6725.05,6989.04,6457.17,6630.86,17803.47075712
2020-03-26,6634.38,6798.89,6528.07,6675.37,7249.06547879
2020-03-27,6673.51,6872.67,6582.27,6668.84,10188.97940758
2020-03-28,6663.0,6709.79,6030.51,6218.93,13006.24343285
2020-03-29,6228.1,6310.26,5881.31,5905.26,8579.04733571
2020-03-30,5904.88,6457.0,5856.0,6378.07,13432.93507767
2020-03-31,6383.68,6630.0,6337.42,6474.59,8966.26182931
2020-04-01,6472.89,6511.6,6137.71,6216.13,7244.36796213
2020-04-02,6209.32,7236.39,6203.15,6810.77,19612.08092214
2020-04-03,6807.26,7047.96,6610.0,6782.58,12039.78731537
2020-04-04,6776.77,6917.0,6655.54,6749.15,4495.06067486
2020-04-05,6761.24,7014.0,6678.51,6809.5,5363.13495266
2020-04-06,6808.89,7330.0,6725.9,7283.86,12983.46354943
2020-04-07,7277.0,7469.0,7175.89,7289.22,9947.9517278
2020-04-08,7294.89,7428.95,7077.0,7319.43,11281.21275062
2020-04-09,7311.27,7400.0,7107.38,7276.68,7930.12123884
2020-04-10,7268.37,7323.7,6750.15,6917.7,10962.10871746
2020-04-11,6918.89,6955.59,6790.74,6811.8,3491.9479533
2020-04-12,6811.42,7201.76,6771.24,7136.11,5777.89319319
2020-04-13,7136.12,7180.0,6542.91,6788.0,11832.6890809
2020-04-14,6796.75,6991.0,6766.96,6925.34,7685.55784289
2020-04-15,6925.37,6940.0,6685.69,6733.97,7269.56742675
2020-04-16,6736.9,7150.12,6472.67,7081.0,14621.018346500001
2020-04-17,7083.91,7224.18,6980.66,7070.55,10134.14892279
2020-04-18,7070.54,7287.32,7020.0,7218.29,5638.2134883
2020-04-19,7218.29,7306.15,7057.46,7145.49,4392.21307227
2020-04-20,7134.0,7220.0,6768.81,6768.81,11266.09090146
2020-04-21,6768.37,6950.98,6757.75,6878.47,6107.47546446
2020-04-22,6875.0,7171.26,6819.59,7095.47,6223.15575587
2020-04-23,7095.74,7756.69,7031.07,7529.15,13221.58520073
2020-04-24,7528.52,7619.35,7391.57,7532.66,8841.47402118
2020-04-25,7532.67,7723.77,7432.8,7547.56,4305.41415041
2020-04-26,7547.56,7718.0,7485.0,7659.0,4386.71312295
2020-04-27,7665.05,7813.68,7591.99,7715.09,7055.82866158
2020-04-28,7715.09,7798.42,7650.0,7728.01,7410.35905298
2020-04-29,7728.16,8970.0,7711.48,8726.3,24145.45711624
2020-04-30,8737.55,9485.26,8407.0,8847.01,25055.5937812
2020-05-01,8845.12,9075.0,8587.0,8739.46,11847.27116899
2020-05-02,8730.83,9022.0,8672.38,8874.49,6251.24977321
2020-05-03,8881.27,9207.82,8723.78,8880.18,8883.94808161
2020-05-04,8868.08,8967.86,8528.42,8846.86,9039.72207378
2020-05-05,8846.86,9120.0,8760.1,8915.35,10484.52926407
2020-05-06,8909.69,9400.0,8904.73,9261.59,13237.00935179
2020-05-07,9259.94,9972.03,9030.03,9877.43,22850.01645076
2020-05-08,9877.0,10074.0,9725.0,9971.15,20659.61464426
2020-05-09,9965.23,10022.0,9519.47,9738.85,13021.91664546
2020-05-10,9745.96,9777.94,8109.0,8513.29,29933.15501525
2020-05-11,8515.83,9182.97,8181.0,8759.28,35068.01222265
2020-05-12,8752.71,8984.87,8472.16,8800.6,15468.02313448
2020-05-13,8800.72,9195.0,8746.81,9163.33,11211.08629761
2020-05-14,9160.79,9945.34,9155.0,9662.11,18535.13198328
2020-05-15,9664.07,9870.0,9215.65,9327.18,19381.61402541
2020-05-16,9321.72,9590.0,9112.0,9330.14,8036.23191609
2020-05-17,9330.14,9894.88,9296.0,9766.75,8750.22056943
2020-05-18,9767.28,9966.12,9451.2,9702.31,12874.5280413
2020-05-19,9700.09,9903.89,9455.05,9642.48,11830.34288941
2020-05-20,9642.49,9843.87,9100.0,9529.21,11892.51749881
2020-05-21,9536.33,9597.81,8800.0,9058.94,16727.80680649
2020-05-22,9057.15,9272.97,8924.91,9172.85,8501.23377242
2020-05-23,9172.89,9316.12,9084.83,9184.69,3501.94856108
2020-05-24,9183.33,9310.91,8842.43,9016.73,7146.59433194
2020-05-25,9015.81,9085.3,8630.0,8937.12,10704.72084097
2020-05-26,8939.85,9012.0,8690.0,8790.45,5767.86432587
2020-05-27,8796.1,9230.21,8788.5,9159.69,6169.41788866
2020-05-28,9160.21,9539.89,9051.73,9456.06,10287.22647492
2020-05-29,9458.41,9625.01,9330.0,9403.99,9019.426480959999
2020-05-30,9395.26,9597.04,9326.28,9542.48,3883.4415842099997
2020-05-31,9542.09,9758.27,9392.57,9507.95,8187.13685173
2020-06-01,9511.65,9619.84,9373.96,9580.02,5301.11977705
2020-06-02,9571.27,10429.26,9135.68,9510.98,29617.53470291
2020-06-03,9509.95,9646.0,9380.99,9577.72,6664.17442575
2020-06-04,9578.6,9888.0,9430.0,9817.16,8825.87703091
2020-06-05,9823.07,9866.6,9592.74,9730.46,7568.00054639
2020-06-06,9730.12,9744.39,9525.76,9664.28,4662.65119814
2020-06-07,9663.67,9829.31,9356.0,9776.52,5834.7952942
2020-06-08,9780.62,9813.67,9645.0,9695.56,6032.7810859599995
2020-06-09,9695.31,9897.46,9566.81,9733.1,6164.31065839
2020-06-10,9732.1,10011.4,9578.0,9852.72,7845.96589348
2020-06-11,9857.48,9981.24,9078.91,9279.88,15376.13612506
2020-06-12,9276.78,9555.0,9217.75,9428.38,8050.09811178
2020-06-13,9428.38,9500.0,9355.31,9404.71,2996.38674504
2020-06-14,9402.5,9485.28,9306.89,9392.31,2591.41031135
2020-06-15,9392.31,9459.81,8900.0,9423.33,12300.50287088
2020-06-16,9421.25,9596.31,9374.9,9511.91,7052.72123474
2020-06-17,9509.9,9566.53,9292.53,9297.6,5147.2884659
2020-06-18,9295.91,9478.69,9230.32,9391.11,4511.98094195
2020-06-19,9391.21,9429.99,9225.15,9294.79,5510.34393724
2020-06-20,9296.78,9386.1,9138.0,9291.94,2901.22228347
2020-06-21,9291.34,9421.26,9289.17,9338.59,1979.97403402
2020-06-22,9340.42,9631.78,9267.2,9568.22,4943.53242445
2020-06-23,9568.99,9798.76,9568.98,9650.72,6110.22357268
2020-06-24,9642.31,9666.35,9193.99,9291.73,9538.04718275
2020-06-25,9285.44,9321.04,8989.0,9284.01,9308.20633921
2020-06-26,9284.01,9343.49,9024.61,9166.07,8191.57898168
2020-06-27,9166.04,9214.83,8830.63,8935.6,3319.16302887
2020-06-28,8929.0,9191.72,8892.32,9108.21,4287.08250701
2020-06-29,9100.73,9177.46,9014.92,9151.11,4912.79997793
2020-06-30,9156.71,9240.36,9060.0,9137.69,2991.70578341
2020-07-01,9130.01,9300.0,9089.8,9245.79,4172.25544817
2020-07-02,9241.53,9268.54,8939.0,9047.32,6717.42796237
2020-07-03,9047.33,9151.17,9029.34,9091.89,3465.0660197
2020-07-04,9087.23,9196.0,9027.17,9127.54,2533.62984487
2020-07-05,9132.29,9148.84,8969.23,9026.83,2115.87016881
2020-07-06,9026.83,9355.32,8905.0,9295.35,5860.60618999
2020-07-07,9294.0,9385.81,9217.66,9239.28,4811.38195949
2020-07-08,9239.28,9479.57,9201.78,9434.75,6216.3855679299995
2020-07-09,9434.75,9473.9,9157.11,9219.84,4840.92145608
2020-07-10,9219.84,9257.46,9053.14,9230.49,3774.6439103
2020-07-11,9232.88,9318.92,9180.0,9202.95,1705.86814678
2020-07-12,9208.32,9347.76,9153.48,9221.81,1933.9984146
2020-07-13,9219.65,9351.17,9190.49,9231.92,3678.70444156
2020-07-14,9227.09,9273.01,9095.0,9270.26,4042.5852325
2020-07-15,9270.76,9282.08,9153.38,9175.83,4329.05879181
2020-07-16,9175.17,9231.9,9026.51,9119.12,5615.93771125
2020-07-17,9119.12,9184.28,9073.53,9162.59,3488.50942385
2020-07-18,9167.3,9214.63,9122.72,9164.06,1708.87478082
2020-07-19,9168.69,9187.34,9106.3,9168.0,1315.04036906
2020-07-20,9168.0,9243.36,9128.21,9158.99,2932.06331957
2020-07-21,9157.57,9442.89,9146.85,9361.06,5687.26751764
2020-07-22,9361.63,9400.0,9280.8,9379.03,4055.09237993
2020-07-23,9380.07,9690.0,9366.68,9607.06,11445.45551633
2020-07-24,9608.34,9627.0,9474.35,9596.57,6345.42523392
2020-07-25,9594.34,9727.27,9529.0,9683.1,6239.71921265
2020-07-26,9683.19,10200.0,9657.0,9873.29,9563.33729636
2020-07-27,9872.55,10956.83,9844.0,10799.11,22791.61420075
2020-07-28,10803.84,11417.11,10583.48,11007.76,21263.76663295
2020-07-29,11013.9,11299.0,10855.81,11209.57,11977.36017999
2020-07-30,11217.98,11358.47,10832.0,11134.32,10843.71564641
2020-07-31,11137.0,11457.95,10973.8,11333.56,10351.79094816
2020-08-01,11333.15,11879.0,11228.0,11783.79,11312.22350373
2020-08-02,11789.47,12100.0,10559.59,11199.0,13219.65955528
2020-08-03,11200.75,11480.0,10933.26,11414.76,6909.06396643
2020-08-04,11414.81,11430.49,11000.79,11229.38,6014.35582926
2020-08-05,11234.42,11730.0,11094.35,11662.22,6046.83300763
2020-08-06,11660.51,11913.5,11530.53,11879.08,10033.04622671
2020-08-07,11871.92,11920.0,11219.0,11511.61,11696.82534819
2020-08-08,11508.01,11817.95,11497.61,11715.73,4195.0560697
2020-08-09,11715.73,11808.28,11527.92,11632.29,2837.38983189
2020-08-10,11639.92,12080.0,11510.0,11871.91,7344.49642311
2020-08-11,11871.43,11945.05,11282.71,11393.07,9418.18793506
2020-08-12,11389.06,11625.0,11130.0,11578.4,6940.05731907
2020-08-13,11578.45,11666.0,11270.91,11520.87,5883.2511267
2020-08-14,11520.95,11862.0,11520.95,11809.2,6393.27512357
2020-08-15,11810.55,11986.93,11667.7,11838.37,3760.75811001
2020-08-16,11836.29,11983.72,11685.97,11820.49,2887.54693326
2020-08-17,11823.14,12473.0,11771.44,12339.22,8866.1333005
2020-08-18,12338.16,12448.42,11823.0,11985.42,8640.01973078
2020-08-19,11983.75,12100.0,11600.0,11652.83,9527.7910571
2020-08-20,11657.03,11893.0,11574.4,11858.17,4988.7195587
2020-08-21,11860.18,11894.12,11600.0,11668.82,5989.97208687
2020-08-22,11675.33,11713.43,11367.0,11596.26,4082.64266181
2020-08-23,11590.04,11698.85,11524.7,11681.56,1688.04197798
2020-08-24,11690.05,11832.55,11588.61,11749.65,2542.90987035
2020-08-25,11749.65,11789.82,11112.75,11299.98,6736.53664055
2020-08-26,11302.99,11549.8,11233.38,11467.84,4764.17928207
2020-08-27,11473.87,11602.92,11122.72,11244.13,7387.04254394
2020-08-28,11245.16,11555.61,11228.5,11510.0,6512.55174336
2020-08-29,11505.0,11592.0,11423.64,11525.59,2284.65633329
2020-08-30,11528.02,11687.01,11458.62,11644.7,1656.61522312
2020-08-31,11640.7,11780.0,11573.39,11729.64,4716.16781796
2020-09-01,11726.45,12065.82,11515.0,11966.59,7496.53960754
2020-09-02,11975.47,12061.0,11155.32,11406.73,13182.872802
2020-09-03,11402.26,11477.35,10455.0,10693.36,14381.3537096
2020-09-04,10690.89,10804.48,9902.43,10588.05,20234.76221766
2020-09-05,10585.09,10646.75,9850.0,9948.93,12792.32540001
2020-09-06,9945.52,10302.21,9883.31,10265.59,6101.22388408
2020-09-07,10265.45,10353.39,9880.0,10148.72,8166.12907229
2020-09-08,10145.63,10446.18,9921.73,9986.34,9993.14907043
2020-09-09,9989.14,10353.39,9825.07,10287.61,7053.22836635
2020-09-10,10286.51,10495.75,10171.84,10283.42,10031.42729404
2020-09-11,10277.31,10389.89,10200.5,10330.63,5201.05544172
2020-09-12,10331.9,10482.42,10275.0,10463.41,3127.70496208
2020-09-13,10462.86,10576.78,10214.9,10311.07,4175.02450225
2020-09-14,10312.53,10765.03,10250.13,10674.3,6892.36708429
2020-09-15,10674.29,10940.01,10611.17,10784.01,6676.87447626
2020-09-16,10783.82,11100.0,10662.81,10984.87,7836.04314027
2020-09-17,10987.61,11054.0,10739.23,10921.98,6195.14767497
2020-09-18,10926.96,11040.18,10816.54,10868.27,4380.31016783
2020-09-19,10866.77,11183.01,10849.7,11054.52,2444.78100394
2020-09-20,11055.73,11096.83,10755.9,10869.15,3160.80607492
2020-09-21,10865.88,10996.98,10286.56,10495.0,9338.32963917
2020-09-22,10497.21,10538.3,10353.39,10494.72,5280.39102863
2020-09-23,10492.89,10573.05,10255.45,10292.43,4556.63595592
2020-09-24,10280.62,10726.14,10138.3,10653.08,7425.43003695
2020-09-25,10656.61,10795.53,10553.14,10724.96,6910.99793453
2020-09-26,10727.33,10830.0,10655.29,10720.61,2316.88896323
2020-09-27,10722.38,10807.14,10593.58,10735.99,2642.38420785
2020-09-28,10738.2,10950.0,10706.53,10867.86,4452.72582571
2020-09-29,10869.98,10891.99,10628.52,10738.44,4281.19202988
2020-09-30,10741.47,10865.0,10658.56,10708.78,4458.50546448
2020-10-01,10703.81,10940.22,10437.08,10620.48,8488.8865687
2020-10-02,10611.38,10667.53,10380.0,10517.99,8343.4279302
2020-10-03,10515.4,10605.79,10466.01,10590.0,1280.41851166
2020-10-04,10587.07,10699.88,10524.81,10675.16,1336.05686158
2020-10-05,10678.47,10805.34,10620.71,10731.0,3354.83585377
2020-10-06,10731.32,10805.82,10526.42,10575.02,4375.6070875899995
2020-10-07,10565.31,10682.56,10525.0,10654.95,5724.80853675
2020-10-08,10651.0,10957.0,10535.06,10892.16,6898.25994689
2020-10-09,10886.24,11118.49,10826.4,11046.1,5919.23793388
2020-10-10,11045.92,11496.06,11021.66,11358.07,3174.54461802
2020-10-11,11355.32,11447.44,11267.31,11340.15,2112.14972307
2020-10-12,11335.17,11611.14,11175.99,11553.14,6064.55496896
2020-10-13,11548.31,11731.7,11314.53,11391.31,6084.87720763
2020-10-14,11388.31,11555.1,11287.42,11352.54,3738.56556851
2020-10-15,11348.62,11543.78,11250.01,11532.98,4320.26762982
2020-10-16,11537.52,11623.6,11200.0,11320.85,4915.0322605
2020-10-17,11319.0,11415.48,11264.01,11342.91,1396.34270814
2020-10-18,11344.6,11500.0,11323.23,11445.35,857.18056237
2020-10-19,11445.09,11840.0,11409.94,11698.73,5439.19265362
2020-10-20,11700.69,12059.94,11671.8,11925.0,5219.13952504
2020-10-21,11925.39,12918.29,11863.58,12702.2,16212.1365532
2020-10-22,12702.2,13235.0,12686.73,13091.85,11947.89350765
2020-10-23,13089.25,13208.25,12729.82,12929.93,6719.99081605
2020-10-24,12929.93,13182.83,12884.44,13132.25,2836.79993767
2020-10-25,13132.25,13363.53,12903.74,13048.0,3733.86057346
2020-10-26,13057.2,13250.0,12773.5,13013.35,5395.80048651
2020-10-27,13011.22,13760.0,12998.34,13672.81,10650.81269381
2020-10-28,13671.3,13864.89,12892.0,13173.01,11308.46937951
2020-10-29,13174.94,13650.0,12993.0,13504.66,8895.909232
2020-10-30,13500.79,13675.56,13129.26,13550.0,8941.38272315
2020-10-31,13544.27,14100.0,13420.97,13794.24,6780.4967084400005
2020-11-01,13788.52,13907.47,13629.31,13811.94,1995.34776979
2020-11-02,13804.61,13867.57,13220.0,13472.0,6410.44456075
2020-11-03,13469.61,13812.0,13287.7,13753.99,7042.3918651
2020-11-04,13759.91,14277.5,13520.87,14106.33,11315.1676935
2020-11-05,14115.0,15315.0,13943.23,14959.82,15158.67969858
2020-11-06,14955.27,15968.98,14919.7,15474.21,15991.37981578
2020-11-07,15469.48,15778.6,14715.13,14927.93,8503.81501169
2020-11-08,14926.34,15664.9,14351.0,15548.45,8307.34166905
2020-11-09,15538.74,15854.48,14824.66,15331.97,13699.1312697
2020-11-10,15335.89,15508.73,15092.47,15285.8,9582.4682476
2020-11-11,15280.18,15991.01,15278.43,15823.18,8649.52721051
2020-11-12,15838.22,16219.89,15481.0,16122.58,16578.50596226
2020-11-13,16117.48,16494.52,15970.33,16264.62,9346.69411338
2020-11-14,16264.62,16376.25,15715.1,15920.0,5202.4934822
2020-11-15,15916.88,16170.0,15861.01,15917.45,3023.30729046
2020-11-16,15912.01,16773.8,15786.46,16710.6,7104.41943612
2020-11-17,16713.2,17868.0,16570.0,17655.07,8793.15663008
2020-11-18,17655.07,18483.0,17041.47,17784.51,16297.92610038
2020-11-19,17784.04,18189.97,17346.62,17950.12,11263.18482662
2020-11-20,17955.49,18824.88,17712.91,18594.08,9665.82034237
2020-11-21,18598.19,18977.0,18333.45,18760.76,6502.63697901
2020-11-22,18759.56,18794.52,17600.0,18525.81,6351.6440621
2020-11-23,18529.52,18786.31,18001.95,18356.21,8562.75008486
2020-11-24,18360.22,19442.13,18068.56,19270.21,13159.27842961
2020-11-25,19268.22,19490.0,18640.84,19055.82,8512.15328068
2020-11-26,19062.01,19126.14,16218.0,16538.79,20793.12499641
2020-11-27,16569.34,17471.89,16305.1,16796.02,10806.05911162
2020-11-28,16787.11,17789.04,16735.08,17742.13,4663.65250239
2020-11-29,17745.51,18250.0,17534.87,18136.76,3833.32275577
2020-11-30,18130.44,19864.15,18025.27,19182.23,10149.53226285
2020-12-01,19169.68,19918.01,18100.0,18748.89,12005.77101593
2020-12-02,18719.7,19346.9,18334.0,19009.82,6586.74225005
2020-12-03,19022.38,19621.0,18881.62,19406.59,6165.23518064
2020-12-04,19397.25,19556.86,18671.61,19070.91,6407.01035404
2020-12-05,19068.19,19185.17,18500.0,19131.89,3109.40627103
2020-12-06,19128.94,19346.9,18870.62,19118.46,2235.40382931
2020-12-07,19112.13,19431.0,18905.0,18948.7,4146.83199776
2020-12-08,18933.37,19300.55,18611.79,18824.52,4577.6351383
2020-12-09,18816.13,18885.84,17640.33,18198.29,9046.01627867
2020-12-10,18197.72,18654.92,17908.0,18277.82,7903.30949562
2020-12-11,18277.82,18430.0,17569.58,18041.71,6738.4338765
2020-12-12,18046.01,18744.33,17921.07,18700.76,3549.73209747
2020-12-13,18692.93,19416.64,18628.1,19177.37,4567.64926342
2020-12-14,19181.59,19335.81,18979.21,19227.25,3517.58690938
2020-12-15,19218.76,19567.84,19050.0,19529.85,6190.05299321
2020-12-16,19542.74,20899.82,19277.66,20614.38,12850.02810508
2020-12-17,20614.46,23777.0,20574.17,23261.88,21631.77616469
2020-12-18,23280.0,23500.0,22316.98,22796.68,13691.0076881
2020-12-19,22805.74,24217.38,22647.97,23852.99,9059.17345516
2020-12-20,23860.0,24094.91,23092.77,23878.4,4782.80722422
2020-12-21,23878.4,24298.04,21864.86,22818.47,13028.7602158
2020-12-22,22838.64,23626.0,22383.59,23436.63,8671.02878038
2020-12-23,23432.63,24096.9,22801.67,23615.26,11272.21324395
2020-12-24,23603.24,23618.0,22624.92,23321.22,8586.10748936
2020-12-25,23324.83,24661.76,23257.97,24343.05,6429.49756574
2020-12-26,24356.63,25985.93,24194.12,25620.57,5891.02165782
2020-12-27,25631.37,28377.94,25572.91,27009.58,13373.30579271
2020-12-28,26998.78,27473.49,25770.0,26990.99,9034.22171529
2020-12-29,26982.6,27162.17,25831.85,26577.94,9026.19476026
2020-12-30,26577.94,28599.99,26521.17,28525.26,11065.00526262
2020-12-31,28523.16,29300.0,27930.75,28920.98,10302.88724919
2021-01-01,28912.47,29700.0,28720.0,29130.21,9211.49162101
2021-01-02,29131.88,33333.0,28947.7,33026.28,13444.10696442
2021-01-03,33032.97,34800.0,30000.0,32759.78,17953.04605842
2021-01-04,32758.87,33872.26,27734.0,31172.41,22515.0694338
2021-01-05,31179.5,33518.77,29936.26,33467.68,12973.90937617
2021-01-06,33499.99,35879.35,33220.0,35347.64,17783.76486728
2021-01-07,35347.63,40402.46,34341.0,38938.35,23660.19122457
2021-01-08,38907.54,42000.0,36618.36,39948.98,21537.9346809
2021-01-09,39938.32,41422.77,38677.22,40728.95,12549.04632495
2021-01-10,40731.16,41450.0,37193.73,38078.08,10544.17578902
2021-01-11,38078.08,39068.28,30261.13,32517.53,40440.19457778
2021-01-12,32545.83,36639.23,31182.16,35022.26,22116.76087225
2021-01-13,35036.9,35900.0,32327.76,35705.0,13695.525416
2021-01-14,35698.57,40112.78,35579.41,39296.62,12532.53833895
2021-01-15,39296.62,39900.0,34380.0,35438.16,12611.57566217
2021-01-16,35450.33,37944.12,34777.85,36500.42,8992.08325804
2021-01-17,36517.63,36838.54,33833.55,35680.0,7355.72535054
2021-01-18,35680.0,37449.86,34777.85,35797.47,6440.76832938
2021-01-19,35783.96,37874.71,35697.89,36446.95,6255.48984214
2021-01-20,36446.95,36794.44,33400.0,35259.22,11832.31963073
2021-01-21,35268.0,35675.62,30969.0,31742.9,18068.13615031
2021-01-22,31742.9,33370.6,28800.0,33345.79,19490.28300092
2021-01-23,33345.79,33864.85,31426.11,32203.32,6573.37575966
2021-01-24,32203.35,33075.75,31563.0,31850.03,4013.56088619
2021-01-25,31859.6,34888.0,30960.77,33676.48,9100.12084719
2021-01-26,33640.0,33780.23,30847.4,32286.06,10794.99846052
2021-01-27,32275.69,32953.28,29150.49,29723.39,19774.62788756
2021-01-28,29740.24,32725.0,29740.24,32696.01,18580.86713125
2021-01-29,32703.9,38620.0,31990.0,35177.0,32183.51560815
2021-01-30,35230.39,35366.69,32860.0,34363.24,10780.729800430001
2021-01-31,34363.25,34800.0,32193.7,32487.61,4789.06384006
2021-02-01,32489.13,34736.1,32333.01,33737.3,8406.4452974
2021-02-02,33731.47,35665.99,33431.67,35314.31,6773.64311724
2021-02-03,35313.95,37278.8,35216.98,37185.59,8336.22440126
2021-02-04,37200.82,38748.52,36197.65,37200.0,12117.87129101
2021-02-05,37200.0,38359.69,36618.36,37423.85,5618.99728097
2021-02-06,37423.85,41025.48,37283.05,40341.59,7932.79722052
2021-02-07,40383.43,40503.74,37412.93,38319.25,6962.77423404
2021-02-08,38321.26,44899.0,37778.15,42705.78,14656.79900186
2021-02-09,42696.34,48216.09,42696.34,47072.73,15913.43630948
2021-02-10,47072.73,47560.04,43746.06,45144.15,9994.56935461
2021-02-11,45159.42,48481.45,44040.96,47711.78,8510.80733853
2021-02-12,47711.78,49000.0,46231.16,47312.34,7162.51577893
2021-02-13,47313.11,48220.0,46133.0,46839.5,4571.10949558
2021-02-14,46832.94,49714.66,46700.0,48764.35,5117.3658266
2021-02-15,48780.3,49329.23,45914.75,48347.04,6650.49370681
2021-02-16,48390.64,50602.53,47036.02,48660.94,7864.01370249
2021-02-17,48666.12,51760.0,48215.62,51427.4,9283.90489119
2021-02-18,51427.41,52640.0,50869.61,51800.0,6584.80726982
2021-02-19,51800.0,55459.44,50627.32,55343.71,7941.91905591
2021-02-20,55400.02,57553.81,54585.23,57149.51,6660.05269382
2021-02-21,57161.4,58274.41,54000.0,58192.79,4117.96277564
2021-02-22,58206.59,58354.14,47400.0,53240.21,15424.95813638
2021-02-23,53231.55,55046.02,44845.72,46864.91,18177.8985451
2021-02-24,46811.12,51459.51,45210.0,49618.4,9212.83373764
2021-02-25,49623.33,52079.16,48050.0,49601.25,7123.84487666
2021-02-26,49537.47,50000.0,44151.97,47309.17,8875.23448347
2021-02-27,47309.17,48365.31,45055.15,47167.77,3637.96581153
2021-02-28,47152.0,47575.17,43021.0,43724.75,5898.93602041
2021-03-01,43741.54,49552.0,43500.0,48534.26,8403.17522157
2021-03-02,48514.97,50250.0,47234.0,47695.11,5932.47437121
2021-03-03,47688.47,52652.82,47069.52,51277.66,6142.10263857
2021-03-04,51275.9,51817.54,47520.02,47566.05,5363.19091507
2021-03-05,47600.0,48787.67,46294.0,48498.21,5574.05760913
2021-03-06,48503.73,49471.24,47082.29,48505.9,2457.1744857
2021-03-07,48490.75,51355.7,48265.75,50401.04,2434.98859178
2021-03-08,50409.58,51834.49,49316.98,50793.13,4104.16142625
2021-03-09,50806.23,54820.0,50806.23,53923.77,5733.35825305
2021-03-10,53906.93,57164.53,53010.0,56727.25,5938.69701645
2021-03-11,56727.25,57729.79,54269.0,57525.09,7399.50467382
2021-03-12,57536.62,58155.99,55011.0,57363.41,5469.10745719
2021-03-13,57353.14,60445.25,56080.96,60295.01,5701.37873138
2021-03-14,60303.33,61781.83,59273.0,59914.15,3997.61239536
2021-03-15,59935.87,60748.78,54555.0,56631.96,7469.20612114
2021-03-16,56631.89,56979.67,53221.0,55771.8,7671.14575964
2021-03-17,55750.76,58258.73,54124.0,57909.51,5735.7148762
2021-03-18,57909.61,60083.25,57136.15,57269.83,5837.24056816
2021-03-19,57287.58,59280.0,56279.34,58884.88,3647.61726353
2021-03-20,58879.81,59957.0,57815.61,59264.78,2500.9886767
2021-03-21,59289.74,59389.87,55500.0,57583.82,3611.24666205
2021-03-22,57571.73,58461.78,55540.0,55593.39,4164.02179626
2021-03-23,55540.0,56018.41,52933.03,55009.03,7101.24160997
2021-03-24,55002.53,57207.33,53520.0,54703.59,5318.79911946
2021-03-25,54703.59,54703.59,50360.0,52184.05,8039.11054045
2021-03-26,52223.72,54056.51,51223.37,53865.81,5091.31411897
2021-03-27,53850.24,56279.0,53833.99,55842.61,2764.77094461
2021-03-28,55890.66,56686.15,54677.51,55228.45,2100.199508
2021-03-29,55217.76,58402.68,54752.7,57665.67,5046.3789201399995
2021-03-30,57665.67,59388.66,57011.0,59118.91,3855.9521251
2021-03-31,59118.91,59816.17,56713.45,58582.36,4338.27902719
2021-04-01,58601.17,59490.0,57935.42,58899.97,3038.74724181
2021-04-02,58927.59,60103.04,58450.0,58864.8,2637.32707456
2021-04-03,58864.8,59801.39,57777.77,58636.49,1432.78594098
2021-04-04,58588.26,58588.27,56466.25,57969.03,1752.11064735
2021-04-05,57972.69,59280.0,56800.0,59028.06,2267.93560254
2021-04-06,59065.52,59473.9,57216.0,58258.14,2683.40014633
2021-04-07,58258.14,58668.0,55441.93,56127.66,5089.52458599
2021-04-08,56075.95,58145.49,55680.4,57742.55,4958.71753106
2021-04-09,57729.0,58890.25,57450.52,58373.13,2764.20960207
2021-04-10,58377.2,61222.22,57840.76,59548.73,3586.47920694
2021-04-11,59536.96,60679.0,58304.8,59661.24,2102.41246306
2021-04-12,59673.05,61234.56,59361.11,60039.68,3597.29591832
2021-04-13,60044.47,63769.0,59706.39,63044.49,5679.1623375
2021-04-14,63043.49,64895.22,61327.0,62139.52,5454.56763848
2021-04-15,62140.95,63661.56,61853.31,63460.99,3898.87395826
2021-04-16,63482.22,63855.37,60042.04,61848.34,5893.06349185
2021-04-17,61863.98,62596.48,59676.67,60755.55,2885.14549254
2021-04-18,60765.43,61000.0,51541.16,55832.73,12125.27454375
2021-04-19,55828.36,57633.0,54252.88,56027.41,6426.7786374
2021-04-20,56027.41,56797.73,53400.0,56639.29,5748.17040347
2021-04-21,56639.28,57119.0,54332.0,55518.27,4572.62695885
2021-04-22,55513.09,55513.09,52192.0,52957.17,6558.22063979
2021-04-23,52921.52,52921.52,47555.0,50941.32,13074.77955998
2021-04-24,50969.63,51378.63,48713.34,50729.57,3507.38748564
2021-04-25,50737.0,51053.38,49125.0,49414.37,3127.17516655
2021-04-26,49368.83,54404.78,47004.2,54101.16,6934.35480148
2021-04-27,54102.08,55384.59,52629.78,54846.25,4429.12973013
2021-04-28,54846.82,55809.86,53811.49,55461.68,4132.77417538
2021-04-29,55479.42,56500.0,52505.0,52888.31,4341.63890423
2021-04-30,52892.87,57442.99,52379.9,57098.08,4736.81898595
2021-05-01,57092.42,58549.0,56476.63,57822.6,2745.34860118
2021-05-02,57828.02,58034.0,56064.51,56888.61,1888.75609577
2021-05-03,56916.72,59000.0,56248.87,57589.8,3236.79945446
2021-05-04,57547.38,57558.98,53259.0,54594.15,5374.40584971
2021-05-05,54603.47,57976.62,52924.5,57186.27,5841.35892816
2021-05-06,57166.9,58420.83,55283.0,56180.86,5259.34710208
2021-05-07,56190.29,58743.85,55288.11,57648.3,4326.27419291
2021-05-08,57643.47,59501.0,56800.0,59149.79,3140.2980293
2021-05-09,59093.68,59564.24,56256.0,57352.77,2577.69210651
2021-05-10,57345.42,59603.0,55555.88,55694.85,4680.05478456
2021-05-11,55694.85,56953.56,53500.0,56729.69,5901.20508069
2021-05-12,56724.25,58021.26,53555.0,54496.28,4415.48487563
2021-05-13,54469.85,54819.0,45700.0,48549.37,10871.34622614
2021-05-14,48559.35,51572.0,48376.21,50198.39,4231.82522031
2021-05-15,50200.95,50710.93,46894.8,48071.37,3184.73210806
2021-05-16,48149.13,49800.0,44444.0,45550.0,4474.18953501
2021-05-17,45546.72,46648.5,42100.0,44225.96,13324.27632511
2021-05-18,44235.01,45872.05,42023.69,43297.57,6651.06450481
2021-05-19,43286.18,43601.63,30066.0,39407.94,30299.79952497
2021-05-20,39413.18,43000.0,35000.0,40214.36,16168.71989763
2021-05-21,40226.84,42297.89,35550.0,36094.58,11808.4554658
2021-05-22,36094.58,38887.99,33520.0,37379.12,7824.31276834
2021-05-23,37343.12,38414.74,31107.46,33101.38,8483.38395165
2021-05-24,33132.6,39822.73,33132.6,39641.54,10242.65745079
2021-05-25,39680.99,40000.0,36486.85,37365.72,6776.5285229
2021-05-26,37365.72,40904.0,37341.02,38554.15,4194.05304834
2021-05-27,38547.69,40429.47,37212.9,38828.53,4121.977228
2021-05-28,38822.96,39209.09,35145.52,35802.58,5572.3619789
2021-05-29,35806.14,37348.01,33650.0,34059.74,5004.32259699
2021-05-30,34050.9,36516.99,33425.0,36102.48,3114.29953416
2021-05-31,36102.48,37485.71,34195.2,36907.65,4328.98267643
2021-06-01,36903.62,37927.44,35699.98,35964.59,4384.54709791
2021-06-02,36002.33,38256.3,35875.48,37895.52,4157.15594131
2021-06-03,37841.93,39490.0,37176.06,38598.24,4073.20113152
2021-06-04,38576.41,39277.36,35576.67,36835.04,5813.20473829
2021-06-05,36828.09,37927.93,35275.0,35764.83,3748.19186184
2021-06-06,35764.83,36510.58,34849.65,35762.58,2878.63121448
2021-06-07,35730.9,36808.3,35250.0,35649.0,3882.5082625
2021-06-08,35631.07,35748.78,31025.0,32913.02,9512.9623927
2021-06-09,32911.13,37000.0,32423.72,36291.76,8471.67923589
2021-06-10,36291.76,38446.24,36113.25,36706.18,6274.51643494
2021-06-11,36706.18,37680.65,35824.69,37268.86,3907.06246018
2021-06-12,37261.88,37500.0,34630.0,35745.71,3872.63535394
2021-06-13,35788.18,37761.99,34783.9,37695.47,2729.70256342
2021-06-14,37700.0,41050.0,37663.15,39696.86,6915.34946835
2021-06-15,39696.86,41341.57,39573.05,39980.88,4141.53192859
2021-06-16,39966.88,40506.59,38333.0,38687.88,4051.1074545
2021-06-17,38679.31,39553.05,37521.77,37700.0,3373.85115235
2021-06-18,37682.9,38208.68,35143.68,35335.67,4188.74226349
2021-06-19,35313.83,36440.0,34718.21,35944.15,3309.552431
2021-06-20,35941.85,36217.86,33337.0,35512.07,3869.04084388
2021-06-21,35512.11,36125.0,31700.0,32592.83,8084.85562599
2021-06-22,32583.38,33315.85,28600.0,32409.31,10253.30000116
2021-06-23,32414.67,35000.0,31670.89,32898.7,5519.35501437
2021-06-24,32897.81,35289.0,32314.37,34858.8,5371.42437608
2021-06-25,34865.22,35517.22,31500.0,32261.63,4502.83795241
2021-06-26,32216.72,32714.46,30082.79,31594.35,3794.2461065
2021-06-27,31591.13,33585.88,30927.9,32827.86,2823.56694097
2021-06-28,32808.72,35357.13,32425.77,34459.15,3804.75669102
2021-06-29,34463.82,36623.79,34116.43,36418.26,3171.1530767599997
2021-06-30,36413.16,36503.59,34049.36,34780.49,3057.89070729
2021-07-01,34786.46,35212.12,32700.88,33119.94,3600.2775582
2021-07-02,33139.0,33981.51,32700.05,33358.58,2107.3651487
2021-07-03,33332.53,34959.72,33048.89,34759.19,1260.54206075
2021-07-04,34753.97,35702.85,34242.3,35572.8,1126.66762192
2021-07-05,35565.98,35960.0,33143.0,34136.51,2125.75477099
2021-07-06,34149.71,35100.49,33510.58,34028.97,2587.96741772
2021-07-07,34037.47,35059.02,33639.7,34648.94,1494.81335254
2021-07-08,34619.31,34642.13,32101.0,32999.01,2975.04404911
2021-07-09,33031.89,33695.02,32285.73,33452.31,1663.5792895
2021-07-10,33449.51,34261.04,33254.32,33418.82,1399.79685758
2021-07-11,33426.36,34104.06,33014.21,33902.61,1497.37638092
2021-07-12,33890.48,34677.0,32721.03,32832.24,1974.70946626
2021-07-13,32793.03,33340.0,32231.63,32297.88,1987.26604635
2021-07-14,32286.64,33111.72,31589.35,32739.16,2740.38462473
2021-07-15,32738.65,33179.0,31121.57,31539.48,2422.76111399
2021-07-16,31533.98,32264.53,31012.93,31938.31,1964.6732118
2021-07-17,31900.0,31977.75,31176.66,31856.73,1491.31886853
2021-07-18,31869.45,32440.98,31100.0,31654.11,1336.2887919300001
2021-07-19,31625.42,31936.25,30400.0,30728.85,2459.37493889
2021-07-20,30748.31,31068.62,29296.39,29790.12,3191.536763
2021-07-21,29790.12,32875.42,29483.23,31649.06,4877.23808173
2021-07-22,31634.86,32609.83,31506.1,32395.05,2539.07148867
2021-07-23,32387.9,32930.0,32000.0,32273.14,1786.88833798
2021-07-24,32267.75,34534.32,32222.37,33883.88,1701.41816646
2021-07-25,33850.0,34854.88,33679.12,34379.0,1690.63803123
2021-07-26,34379.0,40581.3,34326.99,39362.65,7048.70850072
2021-07-27,39318.83,39489.25,36386.19,37828.87,7767.93453797
2021-07-28,37816.22,40927.53,37816.22,40410.91,4085.09407596
2021-07-29,40373.57,40662.8,39239.95,39699.25,2221.27258903
2021-07-30,39677.03,40412.69,38331.37,39901.0,2724.14195691
2021-07-31,39909.99,42411.32,39739.0,41335.16,2568.17807578
2021-08-01,41317.48,42614.85,40621.0,41260.0,1536.3021214
2021-08-02,41279.64,41524.91,38920.08,39189.39,2765.90243929
2021-08-03,39169.71,39792.83,37639.0,37984.63,3017.2619234
2021-08-04,38005.47,39863.0,37481.0,39751.38,4469.64603431
2021-08-05,39797.62,41401.96,37300.0,40695.28,5561.6404931
2021-08-06,40756.27,43381.0,39879.47,42913.5,3232.93392634
2021-08-07,42935.59,44646.39,42251.0,44015.1,4100.87502142
2021-08-08,43968.11,45355.0,43298.84,43743.7,4321.24776344
2021-08-09,43746.45,46529.02,42811.26,46021.26,3927.99115205
2021-08-10,45995.58,46759.0,44643.0,45529.93,3476.76665839
2021-08-11,45529.93,46787.6,45250.0,46475.2,2490.88683427
2021-08-12,46471.59,46695.34,43800.02,44411.82,2580.42748716
2021-08-13,44407.42,46727.79,43874.82,46467.6,2272.41558437
2021-08-14,46467.5,48190.0,46000.0,47098.49,2654.62167642
2021-08-15,47087.83,47424.0,45500.27,46366.38,1558.83484356
2021-08-16,46398.22,48075.22,45968.0,46101.61,2488.42499139
2021-08-17,46060.0,47183.37,45253.79,45482.99,2902.64921821
2021-08-18,45455.69,46041.62,44218.73,44898.4,2733.60246918
2021-08-19,44880.0,46774.77,43935.54,46710.14,2448.3233697699998
2021-08-20,46745.28,49163.98,46344.22,48701.97,2917.78872839
2021-08-21,48680.71,49833.02,48300.0,48979.19,2034.46998393
2021-08-22,48986.08,49505.86,48080.17,48692.21,1018.45590538
2021-08-23,48678.31,50562.11,48287.06,49228.63,2337.73554785
2021-08-24,49239.4,49893.5,47750.0,48249.72,2236.48851293
2021-08-25,48245.57,49180.0,47100.0,48684.36,1899.30522069
2021-08-26,48697.99,49387.6,46309.33,46967.83,2111.57619768
2021-08-27,46944.84,48594.59,46363.0,48339.59,1856.74906416
2021-08-28,48332.44,49325.0,48188.88,48677.19,898.74844345
2021-08-29,48694.06,49666.0,47798.29,48830.47,970.54874799
2021-08-30,48846.64,49420.72,47364.83,48650.0,1353.12475289
2021-08-31,48650.0,48733.72,46699.0,47321.52,2237.75536252
2021-09-01,47306.81,49134.0,46532.42,48162.13,2459.06756983
2021-09-02,48150.0,50390.0,48122.71,49355.82,2337.19212716
2021-09-03,49355.24,51050.0,48351.6,50568.41,2134.31222994
2021-09-04,50542.0,50570.94,49388.26,50023.26,995.20880702
2021-09-05,50023.26,50900.0,49500.0,50722.13,754.69424672
2021-09-06,50729.52,52230.34,50658.53,51750.0,2086.74785481
2021-09-07,51750.0,52956.47,42900.01,46693.9,6170.65995843
2021-09-08,46700.0,47386.72,44436.93,46466.52,3797.50393685
2021-09-09,46466.52,47419.95,45550.0,46582.77,2858.88483126
2021-09-10,46593.8,47029.08,44738.28,45645.39,2068.34557649
2021-09-11,45656.3,45993.32,44125.0,45373.69,1313.34047926
2021-09-12,45334.7,46278.38,44752.96,45914.13,844.64328899
2021-09-13,45897.2,46895.82,43400.0,44772.31,2432.49747152
2021-09-14,44769.39,46964.93,44704.18,46490.9,1515.98378666
2021-09-15,46499.51,48455.0,46392.77,48108.49,1412.64925097
2021-09-16,48110.99,48505.0,47106.16,47458.06,1816.81678285
2021-09-17,47458.37,48179.0,46712.14,47485.0,1573.91531334
2021-09-18,47515.32,48834.0,46791.45,48271.63,1509.98495238
2021-09-19,48254.4,48397.69,47085.0,47391.0,947.7170144
2021-09-20,47374.04,47670.57,42453.97,43879.23,3983.84642108
2021-09-21,43838.73,43964.76,40192.9,42014.08,4785.00094178
2021-09-22,41995.36,44031.85,39573.21,43451.34,4154.62132733
2021-09-23,43450.49,44949.05,43050.0,44823.96,2656.44802419
2021-09-24,44807.49,45159.9,40693.27,42418.01,4296.16541161
2021-09-25,42416.81,43257.0,41689.6,42666.86,1058.05934694
2021-09-26,42723.22,43780.58,40808.0,43261.11,1389.23990214
2021-09-27,43312.1,44377.7,42690.49,43057.01,1659.24062184
2021-09-28,43042.79,43425.8,41099.98,41575.9,2610.26070776
2021-09-29,41622.4,42595.93,40750.0,41194.33,1891.34799917
2021-09-30,41175.95,44117.74,40900.0,43540.0,2555.58391789
2021-10-01,43545.62,48236.08,43094.68,48046.25,3380.90842342
2021-10-02,48058.24,48500.0,47468.15,48274.06,1510.62860187
2021-10-03,48276.12,49225.55,47119.87,48818.68,1004.7236827
2021-10-04,48841.41,49530.53,46900.0,49403.87,2717.48045825
2021-10-05,49424.19,51416.56,48575.0,51220.53,1998.36631115
2021-10-06,51231.48,55499.96,50428.64,55080.67,4665.21805088
2021-10-07,55080.67,55800.0,53289.57,53991.95,2460.87201107
2021-10-08,53991.95,56168.0,53623.02,54709.69,2140.19003754
2021-10-09,54692.17,55512.05,53674.69,54669.39,1205.38149361
2021-10-10,54669.39,56096.97,54129.43,55503.36,1147.87295938
2021-10-11,55486.91,57855.79,51000.0,57493.74,2443.8891004
2021-10-12,57479.84,57701.0,55111.0,55307.14,2807.70654153
2021-10-13,55316.92,57300.0,53909.0,57271.1,3663.19244526
2021-10-14,57281.0,58550.0,56632.52,57874.33,2057.3878469
2021-10-15,57877.42,61869.05,56877.0,61454.19,3715.72369454
2021-10-16,61445.79,62944.94,60100.27,60837.26,1782.5083015
2021-10-17,60841.56,61442.47,60330.51,60521.65,764.58918888
2021-10-18,60488.09,62679.0,58933.0,61437.66,5600.84071083
2021-10-19,61413.68,64336.21,61135.08,64248.07,3092.10196837
2021-10-20,64232.16,67016.5,63529.0,66407.91,3731.56953752
2021-10-21,66429.76,66664.1,61850.0,62786.41,3971.61051342
2021-10-22,62834.33,63757.28,59953.74,61035.68,3139.5357451
2021-10-23,61018.92,61737.38,59633.61,61017.81,1083.57424538
2021-10-24,60989.45,61497.33,59510.0,60660.2,1220.95843048
2021-10-25,60632.44,63733.93,60567.19,62677.17,1675.66342787
2021-10-26,62691.9,63374.09,61790.0,61976.54,1549.78210366
2021-10-27,61996.87,62309.4,58100.01,59122.37,3670.69449234
2021-10-28,59139.64,61848.54,56425.0,61310.0,3458.70040388
2021-10-29,61340.0,62971.54,60154.53,62574.67,4445.33187319
2021-10-30,62574.63,62741.72,60660.02,61759.54,1590.6658319
2021-10-31,61762.41,62438.85,60000.0,60730.85,1452.19413288
2021-11-01,60726.59,62500.0,59500.0,61496.4,2506.82372657
2021-11-02,61499.7,64300.0,60451.96,63612.72,3020.43827261
2021-11-03,63612.72,63627.32,60018.46,62853.04,2497.18650762
2021-11-04,62874.83,63258.98,60725.0,61277.48,1601.61838746
2021-11-05,61277.48,62666.52,60784.88,61148.05,1576.46803277
2021-11-06,61158.48,61609.5,60109.91,61233.02,1174.32102259
2021-11-07,61247.3,62557.44,61164.96,62509.57,1099.39010443
2021-11-08,62500.69,66555.0,62200.2,65953.85,2398.86173991
2021-11-09,65953.78,68564.4,65589.02,66554.72,2420.88641422
2021-11-10,66549.91,69000.0,65982.95,67773.76,1819.89684498
2021-11-11,67777.9,68013.46,62856.71,64794.67,3247.36104723
2021-11-12,64777.53,65497.53,62294.84,63908.14,2351.53044438
2021-11-13,63908.14,64980.0,63400.0,64133.94,1105.51802077
2021-11-14,64142.33,65350.85,63595.76,64013.96,1064.64982377
2021-11-15,64025.45,66387.4,63650.0,63812.17,1868.22153339
2021-11-16,63812.17,64327.78,58563.0,59965.27,4390.73804473
2021-11-17,59946.59,61179.12,58400.0,60482.42,3879.85147078
2021-11-18,60490.78,60978.39,56565.02,58029.4,5372.86689649
2021-11-19,58014.86,58525.84,55640.0,57952.03,4122.65475492
2021-11-20,57960.44,59680.0,57424.27,59490.18,1385.28262876
2021-11-21,59490.18,60090.55,58525.84,59514.42,977.2117975
2021-11-22,59524.85,59745.96,56449.21,56488.54,2270.65318038
2021-11-23,56477.4,57758.83,55128.6,57457.9,3011.81129552
2021-11-24,57436.58,57897.54,55894.62,56804.69,2034.99657176
2021-11-25,56818.58,59445.45,56560.85,59157.57,1409.00999968
2021-11-26,59170.62,59364.85,53524.03,54098.57,4838.25621988
2021-11-27,54112.41,55382.0,53539.56,55030.06,1734.54251856
2021-11-28,55008.25,55111.73,53308.93,54189.09,1118.02920025
2021-11-29,54177.02,58931.07,54105.89,58725.38,2236.57309157
2021-11-30,58706.02,59250.0,55918.8,58349.19,3584.37091238
2021-12-01,58383.09,59099.64,56700.0,57516.92,1929.56988061
2021-12-02,57470.64,57753.86,55839.85,56742.43,3429.53323464
2021-12-03,56756.6,57652.0,54462.45,54881.49,1994.34204377
2021-12-04,54861.55,54889.59,41967.5,48946.46,10485.05020667
2021-12-05,48948.84,49777.62,47836.34,49173.36,4764.52883847
2021-12-06,49178.07,49598.85,47111.0,49235.1,4994.73135284
2021-12-07,49263.48,51991.0,48817.2,50969.13,2299.78228845
2021-12-08,50957.63,51249.41,48656.2,50595.05,1628.25679556
2021-12-09,50616.92,50915.0,47520.0,47771.81,2320.37941932
2021-12-10,47780.43,50132.88,47275.71,47844.95,2667.01093148
2021-12-11,47840.44,49301.0,46789.0,48679.95,1603.11456718
2021-12-12,48713.47,50800.0,48397.64,50530.23,1220.83810208
2021-12-13,50547.37,50619.39,46670.0,47482.97,2546.61046221
2021-12-14,47405.1,47960.98,45750.0,46683.02,2560.57643912
2021-12-15,46682.9,48785.37,46560.0,47835.84,2081.28525031
2021-12-16,47829.28,49514.85,47260.0,47999.48,2133.48467094
2021-12-17,47999.48,48413.51,45478.74,47010.22,1937.17306993
2021-12-18,47004.98,47370.14,45501.0,46752.63,1198.76119738
2021-12-19,46779.11,48307.34,46359.67,47152.4,1144.55272835
2021-12-20,47116.82,47562.16,45572.94,46272.2,1598.30077662
2021-12-21,46294.87,49353.49,46247.24,48473.38,1863.07351722
2021-12-22,48446.76,49600.0,48349.35,48590.59,1331.08010074
2021-12-23,48592.86,50793.2,48051.1,50576.36,1474.26230981
2021-12-24,50595.54,51679.9,50442.34,51632.85,1557.16428122
2021-12-25,51631.11,51864.56,50190.9,51031.89,838.4107806
2021-12-26,51035.8,51130.73,49458.85,50404.53,1055.79388843
2021-12-27,50403.76,52098.6,49953.42,51716.62,1126.19840984
2021-12-28,51708.8,51739.98,47631.22,47799.45,1967.05340016
2021-12-29,47799.48,48157.41,46596.0,47548.0,2040.73649265
2021-12-30,47547.85,47900.0,45934.37,47877.61,2325.81028254
2021-12-31,47895.43,48589.47,46494.35,46648.83,1667.59012885
2022-01-01,46659.24,47960.98,45655.31,47587.72,1144.56850913
2022-01-02,47609.27,47989.0,46660.0,47068.62,581.27882235
2022-01-03,47058.9,47586.58,46288.83,46463.8,987.15886001
2022-01-04,46503.28,47526.0,45539.05,45734.74,1693.04465486
2022-01-05,45717.81,46855.06,45554.0,45927.26,2042.91335132
2022-01-06,45904.12,46088.16,42413.59,43380.98,3940.31887002
2022-01-07,43387.55,43584.75,40600.0,41707.08,2951.98024383
2022-01-08,41752.5,42235.62,40569.62,40664.58,1384.94031453
2022-01-09,40668.89,42315.31,40517.05,41993.0,1669.15675715
2022-01-10,41986.2,42796.49,39558.7,41638.27,3550.5979801
2022-01-11,41617.89,43116.0,41176.12,42776.9,2437.64127209
2022-01-12,42762.19,44099.05,42471.17,43628.46,2638.42192937
2022-01-13,43618.04,44456.34,42587.95,42734.98,1982.83416887
2022-01-14,42727.0,43351.5,41782.21,43084.11,1507.99891305
2022-01-15,43100.44,43563.09,42387.86,43387.3,705.13594913
2022-01-16,43361.79,43826.8,42615.0,43088.22,664.3747822400001
2022-01-17,43091.86,43285.61,41860.0,42210.87,850.5553263
2022-01-18,42204.81,42439.24,41290.06,41629.14,1631.82710514
2022-01-19,41622.13,42685.25,41145.23,42026.67,1747.1886861
2022-01-20,42000.58,43518.69,41559.0,42847.85,1559.39026532
2022-01-21,42868.2,43225.84,37683.9,38294.12,5264.85713021
2022-01-22,38336.33,38521.4,34000.0,34399.79,5898.40987106
2022-01-23,34412.93,36183.4,34363.25,34981.42,2693.95016254
2022-01-24,34954.0,38050.0,32950.72,36211.3,5765.42088013
2022-01-25,36188.7,37556.25,35671.69,37355.1,3459.23365455
2022-01-26,37335.86,38532.44,36442.83,37975.94,2308.48723219
2022-01-27,37981.7,38946.0,35535.0,36238.41,3937.09585788
2022-01-28,36220.53,37534.15,35511.32,37095.66,2815.23143158
2022-01-29,37080.63,38225.27,36775.0,37829.77,1442.92547761
2022-01-30,37843.54,38741.67,37752.05,37848.77,864.46757388
2022-01-31,37850.11,38621.9,36631.66,38479.91,1778.58713318
2022-02-01,38495.66,39285.0,38033.78,38549.82,2280.75210507
2022-02-02,38549.83,38912.4,37085.0,37535.42,1464.74469907
2022-02-03,37495.01,37694.71,36264.55,36795.98,1618.85540711
2022-02-04,36795.98,40694.23,36270.0,40496.05,3523.65222481
2022-02-05,40517.41,41983.12,40381.58,41703.96,2482.2071971
2022-02-06,41699.38,42232.58,41141.81,41529.67,874.17292543
2022-02-07,41543.98,44524.18,41527.95,44114.19,2463.85343656
2022-02-08,44107.36,45501.0,42701.19,43012.22,2485.95999221
2022-02-09,43003.97,44488.88,42721.09,44216.58,1755.65974889
2022-02-10,44224.18,45850.0,43209.07,45251.87,2410.15048114
2022-02-11,45254.24,45289.88,42506.51,42699.87,2143.97555177
2022-02-12,42684.22,43162.88,41741.88,42867.2,1304.24107187
2022-02-13,42863.82,42912.03,41740.06,42003.38,637.21906795
2022-02-14,41978.47,42871.68,41575.0,42259.82,1096.65261044
2022-02-15,42243.18,44543.9,41825.39,44154.8,1768.15390776
2022-02-16,44169.13,44785.66,43312.83,43880.72,1166.43519562
2022-02-17,43889.39,44407.51,40804.6,41331.01,2234.82719071
2022-02-18,41296.29,41296.29,39450.0,40165.13,2544.21137622
2022-02-19,40193.44,40471.27,39587.08,40148.73,887.05531478
2022-02-20,40140.43,40166.49,37974.18,38423.09,1105.06968415
2022-02-21,38423.09,39494.11,37200.02,37810.55,2959.84484548
2022-02-22,37761.56,38463.9,36368.99,37741.64,2857.35311152
2022-02-23,37733.92,39303.24,37552.3,37790.51,1700.34143046
2022-02-24,37787.37,37897.6,34324.05,36435.58,5409.51298334
2022-02-25,36456.62,39727.97,36268.71,38685.67,3120.49115543
2022-02-26,38685.59,40330.99,38556.28,39136.15,1083.6689118
2022-02-27,39149.58,39886.92,38218.11,38923.63,916.38619094
2022-02-28,38896.58,41476.2,37015.74,41233.87,3085.28900343
2022-03-01,41228.49,44981.22,41036.37,43852.0,3597.19501377
2022-03-02,43857.31,45332.38,43350.0,43621.93,2117.26047689
2022-03-03,43621.93,44380.88,42044.0,42264.52,1933.71061109
2022-03-04,42264.59,42716.97,40409.18,40598.77,2431.98770589
2022-03-05,40614.01,40648.37,38590.95,39403.69,1244.48217056
2022-03-06,39424.5,39701.0,38100.0,38888.92,1092.52725803
2022-03-07,38900.7,39557.26,37592.73,37995.65,1673.38182711
2022-03-08,37977.34,39377.0,37169.52,38740.6,2151.17195777
2022-03-09,38664.99,42591.68,38391.4,42047.59,2019.65212449
2022-03-10,42050.58,42337.05,38545.19,39186.11,2474.75786935
2022-03-11,39205.99,40237.22,38244.76,38654.92,1865.70436091
2022-03-12,38602.54,39458.58,38310.71,39085.54,1301.48783891
2022-03-13,39063.33,39312.5,38400.0,38883.69,550.43854515
2022-03-14,38859.3,39303.25,37567.19,38795.53,1401.47117526
2022-03-15,38805.15,39913.42,38142.35,39718.5,1566.16172797
2022-03-16,39736.87,41693.97,38865.67,40897.34,5744.66260851
2022-03-17,40887.91,41497.24,40449.06,40906.04,2173.57343753
2022-03-18,40906.04,42144.95,40068.88,42055.89,2029.76823766
2022-03-19,42085.13,42362.0,41553.88,42066.94,893.51823388
2022-03-20,42041.57,42405.01,40930.2,41410.0,1036.84164295
2022-03-21,41410.0,41693.97,40516.86,41199.35,2010.0654109
2022-03-22,41198.64,43337.41,40901.13,42309.72,2256.63733042
2022-03-23,42289.41,42896.7,41779.11,42241.47,1920.76670576
2022-03-24,42242.37,44240.0,42205.96,43948.31,2252.09724373
2022-03-25,43953.46,45137.12,43616.88,44470.73,1740.35951083
2022-03-26,44470.72,44633.54,44101.0,44388.61,435.389274
2022-03-27,44395.41,45043.65,44294.39,44864.48,646.16576224
2022-03-28,44864.48,48234.0,44715.15,47988.7,3423.11134027
2022-03-29,47974.06,48128.87,46897.0,47755.31,1771.67890646
2022-03-30,47736.91,47759.56,46572.15,47111.08,1796.73042086
2022-03-31,47111.7,47624.18,45532.72,45622.39,1210.42149746
2022-04-01,45617.11,46739.81,44244.0,46397.67,2140.81007322
2022-04-02,46382.07,47218.17,45650.0,46173.21,726.2117908499999
2022-04-03,46150.89,46790.01,45565.64,46425.74,747.24662946
2022-04-04,46440.01,47458.48,45124.79,45941.38,1549.82187014
2022-04-05,45933.78,47201.0,45479.27,45996.45,1311.82132477
2022-04-06,46023.56,46115.56,43086.8,43772.68,2970.11899254
2022-04-07,43772.45,44028.74,42741.52,43400.0,1538.41324809
2022-04-08,43389.57,43986.09,42410.48,42745.99,1361.79851915
2022-04-09,42739.32,42881.7,42120.0,42532.37,625.16954024
2022-04-10,42549.99,43306.06,42406.8,43274.32,528.69172082
2022-04-11,43282.6,43450.72,39782.99,40001.68,2128.7702648599998
2022-04-12,39981.1,40691.01,39218.15,39299.35,2391.51203453
2022-04-13,39321.1,41557.61,39273.65,41067.61,1796.4378732
2022-04-14,41050.01,41504.29,39582.53,39785.01,1132.75006726
2022-04-15,39767.37,40869.99,39670.71,40329.67,816.35391598
2022-04-16,40321.6,40700.0,40014.79,40228.65,352.66350566
2022-04-17,40225.16,40701.0,39859.25,40397.99,410.02030940000003
2022-04-18,40399.49,41004.1,38547.12,40664.76,2453.63960165
2022-04-19,40717.85,41754.05,40578.58,41444.08,1325.04549057
2022-04-20,41406.05,42220.04,40893.21,41192.59,1492.2063274500001
2022-04-21,41200.36,42978.95,41158.15,41225.89,1628.24619742
2022-04-22,41244.49,41310.31,39197.64,39500.77,2689.94305396
2022-04-23,39490.38,39983.98,39301.0,39774.97,417.69296928
2022-04-24,39774.97,39953.47,38987.0,39712.15,586.25079677
2022-04-25,39712.05,40372.82,38202.91,40235.39,2041.5717261
2022-04-26,40251.85,40800.0,37868.87,38280.0,2598.58555553
2022-04-27,38289.99,39494.73,37701.0,38880.44,2112.03836986
2022-04-28,38876.08,40387.0,38835.95,39999.79,2001.07901453
2022-04-29,39977.24,40227.01,38174.27,38336.85,1615.20063835
2022-04-30,38372.63,38786.95,38160.4,38487.71,566.37390394
2022-05-01,38484.87,38672.2,37400.0,37796.4,1264.81238208
2022-05-02,37803.32,39153.13,37659.24,38544.97,1501.94961967
2022-05-03,38556.53,38898.73,37515.83,37707.07,1206.11622107
2022-05-04,37703.08,40050.19,37529.51,39837.52,2188.02394513
2022-05-05,39834.48,39926.46,35579.4,36351.93,3512.50273038
2022-05-06,36271.02,36648.2,35268.69,35988.76,2996.15267972
2022-05-07,35993.92,36123.99,35726.4,35867.78,531.77029797
2022-05-08,35869.73,35869.73,33710.16,34595.74,3131.58562982
2022-05-09,34587.02,34638.27,30331.28,30958.65,5792.30720768
2022-05-10,30960.24,32650.0,29731.03,31323.69,8636.87112149
2022-05-11,31316.37,32148.15,29011.1,29314.51,9435.52804718
2022-05-12,29323.69,30090.7,25401.05,28558.82,18067.62789584
2022-05-13,28570.62,30974.6,27946.74,30027.62,6450.8765198
2022-05-14,30039.9,30076.26,28561.23,29298.37,3178.26108642
2022-05-15,29311.63,30508.8,29277.48,30430.91,2016.75974116
2022-05-16,30430.93,31411.48,29060.0,29569.7,3312.1937896
2022-05-17,29555.88,30753.96,29400.0,30074.73,2216.90834731
2022-05-18,30072.62,30670.0,28694.31,29219.79,2189.0606882
2022-05-19,29237.5,30505.14,28615.23,29925.07,2678.96286716
2022-05-20,29925.07,30725.56,28690.13,29253.88,2434.82540269
2022-05-21,29265.95,29621.01,28914.7,29439.71,582.12543548
2022-05-22,29441.13,30275.41,29209.03,29902.45,1163.22103623
2022-05-23,29895.87,30628.0,29050.0,29050.0,2041.6588036
2022-05-24,29043.83,29603.28,28632.4,29362.16,1543.76300774
2022-05-25,29371.41,30189.7,29233.09,29563.54,1679.98318595
2022-05-26,29572.03,29859.75,28003.0,29366.82,2822.37610595
2022-05-27,29353.13,29656.96,28253.57,28855.34,2096.70668009
2022-05-28,28813.62,29231.9,28482.0,29003.52,786.54066505
2022-05-29,28991.83,29451.28,28814.46,29105.21,892.00736385
2022-05-30,29087.56,30903.04,29066.13,30630.52,2361.09600724
2022-05-31,30624.62,32375.81,30514.42,31610.61,2547.66509407
2022-06-01,31610.61,31962.79,29869.97,30104.83,2139.64659123
2022-06-02,30076.79,30379.68,29309.84,30284.03,1596.32895309
2022-06-03,30282.4,30688.82,29232.99,29562.14,1258.57216978
2022-06-04,29547.81,29942.0,29444.21,29636.08,455.43902789
2022-06-05,29623.41,30153.18,29514.96,30043.39,598.65979657
2022-06-06,30037.19,31737.31,29790.69,31441.76,2425.42498821
2022-06-07,31456.98,31580.51,29184.25,31024.08,2803.06246832
2022-06-08,31075.84,31536.11,29831.85,30116.0,2775.20498576
2022-06-09,30117.01,30672.56,29920.56,29990.88,967.42848636
2022-06-10,29975.75,30333.81,28832.83,28937.05,2512.62235797
2022-06-11,28951.83,29403.62,28085.75,28571.03,1665.99584735
2022-06-12,28571.75,28656.81,26868.19,27387.23,2182.01283923
2022-06-13,27383.72,27506.62,22600.0,23144.08,11560.65117892
2022-06-14,23147.74,23753.38,20816.35,22159.78,9056.31399419
2022-06-15,22159.78,22345.7,20079.72,21592.6,13498.10922235
2022-06-16,21597.13,22957.01,20702.7,20848.73,4632.92290662
2022-06-17,20837.7,21325.06,20200.0,20500.0,4612.03834331
2022-06-18,20497.41,20758.0,18004.95,18047.74,5586.18936741
2022-06-19,18038.44,20278.47,17592.78,20090.03,7131.08219373
2022-06-20,20104.68,21036.89,19616.1,20051.04,5027.31590065
2022-06-21,20042.86,21708.76,19976.43,20871.69,3922.26986752
2022-06-22,20863.25,21026.09,19823.69,20100.98,4034.75076164
2022-06-23,20115.38,20921.09,19743.99,20894.01,2468.95595425
2022-06-24,20894.01,21425.0,20654.6,21233.64,2887.03831259
2022-06-25,21239.02,21586.67,20890.0,21194.44,1297.79547398
2022-06-26,21200.72,21868.0,21122.22,21277.6,1346.75986321
2022-06-27,21275.99,21516.85,20491.28,20829.08,1766.85174532
2022-06-28,20840.83,21178.73,20201.1,20238.96,2015.86551313
2022-06-29,20230.56,20440.0,19827.0,20201.96,1596.4934014
2022-06-30,20205.74,20398.99,18736.71,18901.6,2754.51599755
2022-07-01,18892.96,20895.08,18595.6,19359.05,6481.66066444
2022-07-02,19372.79,19667.52,18960.0,19246.22,1126.18623475
2022-07-03,19241.14,19513.67,18763.96,19480.6,1897.35885221
2022-07-04,19482.14,20085.25,19032.44,19803.63,1945.69624699
2022-07-05,19804.43,20474.07,19281.82,20378.7,2658.75932559
2022-07-06,20377.42,20720.0,19750.16,20295.32,2346.17549562
2022-07-07,20302.86,21844.63,20237.58,21835.16,3300.85573326
2022-07-08,21845.0,22401.0,21164.07,21786.43,3424.44070892
2022-07-09,21788.09,22013.04,21311.36,21618.77,1092.8113447
2022-07-10,21607.28,21739.83,20629.99,20918.25,1226.64975661
2022-07-11,20910.32,21170.42,20251.72,20491.63,1362.60871038
2022-07-12,20477.4,20541.44,19274.88,19382.5,1870.14662261
2022-07-13,19381.59,20102.05,18905.55,19645.03,2830.14379503
2022-07-14,19645.03,20880.0,19577.91,20578.79,2957.39396333
2022-07-15,20608.68,21164.65,20368.7,21159.36,1535.89386116
2022-07-16,21161.63,21577.0,20472.68,21182.79,1652.28572322
2022-07-17,21184.79,21664.52,20826.82,21030.89,1538.31229882
2022-07-18,21030.89,22760.04,20751.08,21615.0,3671.81075705
2022-07-19,21620.05,23684.73,21444.68,23409.44,4784.17338245
2022-07-20,23422.76,24280.3,22893.95,23673.67,3792.49982467
2022-07-21,23674.37,23796.16,22340.34,23210.61,2948.72803091
2022-07-22,23196.14,23760.87,22550.0,22591.06,2189.37919791
2022-07-23,22605.47,23005.68,21944.47,22281.94,997.28073939
2022-07-24,22271.14,22911.07,22235.3,22716.65,687.83266114
2022-07-25,22696.26,23006.77,21564.61,21905.01,1687.58511881
2022-07-26,21902.34,22249.38,20700.13,20935.13,2327.31432987
2022-07-27,20920.28,23112.9,20822.63,22780.6,2853.89255753
2022-07-28,22797.55,24114.71,22580.81,23790.88,3335.51957432
2022-07-29,23806.07,24445.0,23438.5,23899.15,2722.46546722
2022-07-30,23923.87,24676.0,23659.16,23944.23,1648.16802835
2022-07-31,23940.63,24190.09,23379.45,23837.21,1786.8063553499999
2022-08-01,23848.21,23901.8,22861.0,22971.06,1340.87500454
2022-08-02,22969.19,23468.33,22665.98,22954.9,1560.18092276
2022-08-03,22954.9,23642.14,22686.12,23472.97,1019.38343556
2022-08-04,23469.78,23501.38,22400.0,22460.9,1788.98790559
2022-08-05,22479.3,23478.0,22462.88,22949.16,1929.22125398
2022-08-06,22924.21,23354.54,22854.91,23199.13,755.29960851
2022-08-07,23199.28,23300.0,22855.14,23163.32,628.82538695
2022-08-08,23178.23,24246.06,23073.86,23933.95,1728.38588591
2022-08-09,23924.51,24109.1,22880.22,23072.86,1364.10551658
2022-08-10,23073.48,24179.0,22668.57,23646.0,1993.2123049
2022-08-11,23658.0,24921.0,23636.0,24240.0,2122.82164689
2022-08-12,24242.0,24345.0,23615.0,24194.0,1395.66094806
2022-08-13,24186.0,24900.0,24070.0,24418.0,967.26289947
2022-08-14,24417.0,25053.0,24161.0,24292.0,1349.52595338
2022-08-15,24300.0,25212.0,23900.0,23982.0,1595.34944403
2022-08-16,23997.0,24250.0,23673.0,23941.0,984.80330497
2022-08-17,23945.0,24448.0,23240.0,23279.0,1674.57796651
2022-08-18,23281.0,23593.0,23176.0,23341.0,964.11128862
2022-08-19,23351.0,23450.0,21156.0,21334.0,3118.34991187
2022-08-20,21329.0,21385.0,20785.0,20989.0,1729.81098593
2022-08-21,20992.0,21586.0,20769.0,21516.0,1012.55091894
2022-08-22,21525.0,21778.0,20901.0,21042.0,1549.0905707699999
2022-08-23,21053.0,21672.0,20899.0,21516.0,1382.71737169
2022-08-24,21517.0,21892.0,21142.0,21701.0,1664.42054083
2022-08-25,21716.0,21813.0,21319.0,21602.0,1249.58280255
2022-08-26,21602.0,21870.0,20533.0,20648.0,3019.93321589
2022-08-27,20647.0,20763.0,19766.0,20025.0,1843.54744796
2022-08-28,20018.0,20159.0,19823.0,19973.0,538.10136433
2022-08-29,19973.0,20415.0,19526.0,20092.0,1556.5672198
2022-08-30,20098.0,20575.0,19552.0,19955.0,1995.31382136
2022-08-31,19948.0,20490.0,19757.0,20219.0,1910.7252547
2022-09-01,20222.0,20289.0,19573.0,19872.0,1983.42147819
2022-09-02,19866.0,20440.0,19762.0,19911.0,1968.05731338
2022-09-03,19912.0,20053.0,19667.0,19716.0,526.73868661
2022-09-04,19706.0,19950.0,19586.0,19881.0,434.65521824
2022-09-05,19883.0,20051.0,19634.0,19704.0,885.62794494
2022-09-06,19706.0,20181.0,18783.0,18820.0,2415.12954939
2022-09-07,18826.0,19192.0,18540.0,19000.0,2386.73785225
2022-09-08,18995.0,19456.0,18995.0,19351.0,1965.25570523
2022-09-09,19349.0,21424.0,19251.0,21296.0,3859.38010566
2022-09-10,21295.0,21671.0,21125.0,21587.0,1610.66326386
2022-09-11,21586.0,21871.0,21360.0,21625.0,807.73176038
2022-09-12,21624.0,22481.0,21463.0,22431.0,2635.33825484
2022-09-13,22436.0,22781.0,20058.0,20288.0,3481.42118756
2022-09-14,20284.0,20526.0,19623.0,19968.0,2976.34483121
2022-09-15,19949.0,20432.0,19500.0,19779.0,2585.58761899
2022-09-16,19803.0,19891.0,19330.0,19615.0,2490.8328729
2022-09-17,19619.0,20187.0,19619.0,20010.0,1160.46802438
2022-09-18,20015.0,20144.0,19554.0,19722.0,1307.0738545
2022-09-19,19724.0,19746.0,18271.0,19514.0,3636.04170702
2022-09-20,19509.0,19679.0,18717.0,18993.0,2439.21328284
2022-09-21,18995.0,19902.0,18704.0,19011.0,4426.50163159
2022-09-22,19005.0,19491.0,18157.0,19308.0,3650.8033449
2022-09-23,19320.0,19541.0,18533.0,18815.0,2240.01530859
2022-09-24,18809.0,19400.0,18806.0,19110.0,1250.81251238
2022-09-25,19107.0,19182.0,18817.0,18917.0,792.21582623
2022-09-26,18924.0,19313.0,18636.0,19200.0,3355.01750517
2022-09-27,19203.0,20381.0,18822.0,19082.0,4266.31623877
2022-09-28,19068.0,19656.0,18461.0,19543.0,3955.65573577
2022-09-29,19538.0,19770.0,18852.0,19399.0,1867.05771183
2022-09-30,19405.0,20171.0,19152.0,19495.0,2393.56868506
2022-10-01,19486.0,19535.0,19174.0,19269.0,471.13383638
2022-10-02,19266.0,19395.0,19050.0,19261.0,403.89076846
2022-10-03,19275.0,19651.0,18931.0,19539.0,1109.18157352
2022-10-04,19561.0,20271.0,19497.0,20221.0,1888.6151225
2022-10-05,20226.0,20469.0,19735.0,20114.0,2460.30767348
2022-10-06,20137.0,20447.0,19881.0,20019.0,1216.70362895
2022-10-07,20017.0,20072.0,19335.0,19463.0,1483.2002836
2022-10-08,19462.0,19644.0,19430.0,19474.0,416.02596061
2022-10-09,19467.0,19604.0,19259.0,19468.0,858.58740993
2022-10-10,19472.0,19525.0,19107.0,19218.0,934.7316901199999
2022-10-11,19210.0,19272.0,18853.0,18996.0,1498.63005563
2022-10-12,18999.0,19199.0,18967.0,19140.0,832.9102936
2022-10-13,19143.0,19504.0,18183.0,19375.0,2759.89302801
2022-10-14,19366.0,19947.0,19116.0,19169.0,1478.2110543
2022-10-15,19166.0,19229.0,19049.0,19105.0,355.82991652
2022-10-16,19103.0,19375.0,18990.0,19375.0,349.46688735
2022-10-17,19375.0,19672.0,19111.0,19527.0,1138.42878216
2022-10-18,19528.0,19700.0,19099.0,19220.0,1426.57421072
2022-10-19,19220.0,19431.0,19078.0,19226.0,1329.11642455
2022-10-20,19228.0,19340.0,18913.0,19061.0,1496.88192042
2022-10-21,19062.0,19245.0,18660.0,19189.0,2036.31092465
2022-10-22,19191.0,19250.0,19118.0,19186.0,476.82914723
2022-10-23,19187.0,19519.0,19079.0,19507.0,914.21753498
2022-10-24,19505.0,19689.0,19169.0,19345.0,1251.4993507
2022-10-25,19345.0,20418.0,19222.0,20276.0,2844.80784664
2022-10-26,20275.0,21012.0,19971.0,20751.0,2631.63892569
2022-10-27,20774.0,20906.0,20450.0,20628.0,1595.36098402
2022-10-28,20636.0,20750.0,20008.0,20614.0,2010.52863591
2022-10-29,20612.0,21078.0,20566.0,20844.0,1128.32811784
2022-10-30,20844.0,20931.0,20561.0,20655.0,841.10312957
2022-10-31,20655.0,20833.0,20243.0,20368.0,1800.5434787899999
2022-11-01,20364.0,20681.0,20334.0,20445.0,1336.00999723
2022-11-02,20448.0,20802.0,20116.0,20263.0,2113.52903992
2022-11-03,20241.0,20387.0,20039.0,20265.0,1197.14845073
2022-11-04,20269.0,21290.0,20164.0,21102.0,3211.68889639
2022-11-05,21103.0,21473.0,21058.0,21335.0,1056.16853291
2022-11-06,21335.0,21376.0,21151.0,21222.0,450.75269668
2022-11-07,21222.0,21231.0,20589.0,20707.0,1243.27333937
2022-11-08,20711.0,20889.0,18433.0,18612.0,7815.49288953
2022-11-09,18591.0,18722.0,16446.0,16585.0,10696.83864816
2022-11-10,16594.0,17964.0,15632.0,17354.0,9234.31072914
2022-11-11,17349.0,18150.0,16394.0,16806.0,5707.79336243
2022-11-12,16810.0,17065.0,16546.0,16842.0,3041.31913082
2022-11-13,16844.0,17240.0,16449.0,16499.0,2095.40948311
2022-11-14,16498.0,17130.0,15784.0,16590.0,7377.61584349
2022-11-15,16590.0,17095.0,16166.0,16721.0,6246.7133532200005
2022-11-16,16715.0,16980.0,16371.0,16534.0,4041.342049
2022-11-17,16535.0,16754.0,16412.0,16694.0,2745.64108419
2022-11-18,16697.0,16971.0,16540.0,16570.0,2821.32476045
2022-11-19,16568.0,16708.0,16548.0,16612.0,1339.39025778
2022-11-20,16611.0,16799.0,16447.0,16562.0,1532.82610769
2022-11-21,16562.0,16580.0,15879.0,15954.0,4399.70864562
2022-11-22,15954.0,16281.0,15479.0,16124.0,5099.04500284
2022-11-23,16125.0,16619.0,16071.0,16525.0,3169.82969694
2022-11-24,16519.0,16783.0,16388.0,16576.0,2752.10507678
2022-11-25,16570.0,16616.0,16339.0,16483.0,1866.56739262
2022-11-26,16483.0,16685.0,16458.0,16467.0,1506.80765742
2022-11-27,16463.0,16584.0,16387.0,16556.0,1216.60314438
2022-11-28,16556.0,16587.0,16004.0,16156.0,3419.46270006
2022-11-29,16159.0,16529.0,16102.0,16412.0,2131.3671802
2022-11-30,16416.0,17072.0,16416.0,16926.0,3622.50866876
2022-12-01,16924.0,17250.0,16901.0,16934.0,3766.38799329
2022-12-02,16933.0,17102.0,16800.0,16957.0,2401.99731595
2022-12-03,16958.0,17150.0,16898.0,16972.0,1440.76403464
2022-12-04,16972.0,17154.0,16868.0,17068.0,1651.1386441500001
2022-12-05,17071.0,17418.0,16991.0,17048.0,2122.52566013
2022-12-06,17052.0,17100.0,16879.0,16977.0,1425.24435354
2022-12-07,16974.0,17131.0,16736.0,16789.0,1263.92056919
2022-12-08,16789.0,17281.0,16734.0,17244.0,1346.08469115
2022-12-09,17248.0,17353.0,17077.0,17150.0,1615.02144882
2022-12-10,17150.0,17223.0,17073.0,17188.0,738.61358936
2022-12-11,17189.0,17213.0,17100.0,17200.0,781.23280993
2022-12-12,17202.0,17264.0,16881.0,17029.0,1907.53367882
2022-12-13,17030.0,18106.0,17008.0,17713.0,3679.20660769
2022-12-14,17713.0,18373.0,17699.0,18231.0,3016.45937133
2022-12-15,18221.0,18303.0,17328.0,17398.0,2734.43134031
2022-12-16,17398.0,17525.0,16743.0,16824.0,2585.96589071
2022-12-17,16820.0,16954.0,16572.0,16708.0,1770.65200221
2022-12-18,16708.0,16794.0,16676.0,16746.0,618.43067238
2022-12-19,16746.0,16850.0,16525.0,16544.0,1655.55234222
2022-12-20,16543.0,17046.0,16293.0,16840.0,2478.54053122
2022-12-21,16843.0,16924.0,16719.0,16791.0,1577.0167598799999
2022-12-22,16792.0,16863.0,16570.0,16616.0,1678.2085208400001
2022-12-23,16615.0,16916.0,16613.0,16836.0,2371.42054367
2022-12-24,16836.0,16858.0,16768.0,16841.0,1151.722325
2022-12-25,16841.0,16850.0,16731.0,16779.0,735.75146128
2022-12-26,16779.0,16910.0,16740.0,16816.0,744.92616633
2022-12-27,16816.0,16961.0,16608.0,16622.0,1871.24847104
2022-12-28,16622.0,16772.0,16559.0,16631.0,2178.93943386
2022-12-29,16629.0,16650.0,16465.0,16626.0,1602.48893065
2022-12-30,16626.0,16649.0,16337.0,16564.0,2212.0034151
2022-12-31,16561.0,16650.0,16531.0,16567.0,964.92245582
2023-01-01,16567.0,16592.0,16471.0,16584.0,513.24305925
2023-01-02,16588.0,16752.0,16552.0,16718.0,870.38219274
2023-01-03,16718.0,16782.0,16605.0,16638.0,1522.86539378
2023-01-04,16639.0,16978.0,16621.0,16948.0,1799.69488002
2023-01-05,16948.0,16984.0,16755.0,16839.0,1312.84610557
2023-01-06,16839.0,16869.0,16669.0,16845.0,1408.1914635800001
2023-01-07,16849.0,17024.0,16842.0,16936.0,973.88643545
2023-01-08,16936.0,17012.0,16915.0,16926.0,584.19516513
2023-01-09,16926.0,17393.0,16925.0,17350.0,2173.99168681
2023-01-10,17350.0,17439.0,17136.0,17434.0,1511.14636229
2023-01-11,17439.0,17549.0,17318.0,17488.0,1369.34997678
2023-01-12,17488.0,18972.0,17475.0,18802.0,4710.45370545
2023-01-13,18810.0,19389.0,18720.0,19300.0,3669.11286218
2023-01-14,19296.0,21247.0,19253.0,20761.0,7728.03452573
2023-01-15,20760.0,21070.0,20549.0,20819.0,1518.29461946
2023-01-16,20821.0,21411.0,20634.0,21284.0,2809.88806741
2023-01-17,21285.0,21594.0,20863.0,21351.0,2692.10287885
2023-01-18,21372.0,21646.0,20358.0,20934.0,3452.25074019
2023-01-19,20937.0,21017.0,20629.0,20981.0,2432.47606111
2023-01-20,20981.0,21435.0,20869.0,21391.0,2072.89602914
2023-01-21,21396.0,23362.0,21366.0,23253.0,3940.99524122
2023-01-22,23266.0,23310.0,22615.0,22838.0,1439.47081167
2023-01-23,22828.0,23167.0,22314.0,22950.0,1975.40633264
2023-01-24,22935.0,23162.0,22662.0,23003.0,1626.76914377
2023-01-25,23003.0,23082.0,22334.0,22732.0,1678.17420903
2023-01-26,22735.0,23815.0,22664.0,23042.0,2848.19610724
2023-01-27,23041.0,23250.0,22541.0,23191.0,1788.6464927
2023-01-28,23189.0,23500.0,22894.0,23004.0,1137.23886414
2023-01-29,23004.0,23755.0,22956.0,23688.0,1388.74717647
2023-01-30,23687.0,23954.0,22968.0,23136.0,1741.36866473
